{
    "name": "ose-content",
    "title": "Old School Essentials OGL Content",
    "description": "Open Game Licensed content from Necrotic Gnome's Old School Essentials.",
    "version": "0.1.5",
    "systems": ["ose"],
    "author": "U~man",
    "scripts": [],
    "esmodules": [],
    "styles": [],
    "packs": [
        {
          "name": "monsters",
          "label": "Monsters",
          "package": "ose-content",
          "path": "packs/monsters.db",
          "entity": "Actor"
        },
        {
            "name": "items",
            "label": "Items",
            "package": "ose-content",
            "path": "packs/items.db",
            "entity": "Item"
        },
        {
            "name": "spells",
            "label": "Spells",
            "package": "ose-content",
            "path": "packs/spells.db",
            "entity": "Item"
        },
        {
            "name": "classes",
            "label": "Classes",
            "package": "ose-content",
            "path": "packs/classes.db",
            "entity": "JournalEntry"
        },
        {
            "name": "treasures",
            "label": "Treasure Tables",
            "package": "ose-content",
            "path": "packs/treasures.db",
            "entity": "RollTable"
        },
        {
            "name": "abilities",
            "label": "Abilities",
            "package": "ose-content",
            "path": "packs/abilities.db",
            "entity": "Item"
        }
    ],
    "minimumCoreVersion": "0.6.2",
    "compatibleCoreVersion": "0.7.0",
    "url": "https://gitlab.com/mesfoliesludiques/foundryvtt-ose-content",
    "manifest": "https://gitlab.com/mesfoliesludiques/foundryvtt-ose-content/raw/master/module.json",
    "download": "https://gitlab.com/mesfoliesludiques/foundryvtt-ose-content/-/raw/master/package/ose-content-v0.1.5.zip"
}